site_id,dev_ha,density_u_ha,units_total,units_social,units_asofright,units_rezoning,dist_cbd_km,dist_bellville_km,dist_transit_km,impact_rank,impact_index,rank_shift,redress_index,displacement_risk,social_facility,slope_pct,elev_m,lst_anom_c,flood_risk,contamination,bulk_infra,enviro_sensitivity,delivery_complexity,land_value_r_m2,rank_p05,rank_p95,pct_top10,in_rank_p05,in_rank_p95,in_pct_top10
S07,2.4,220,528,343,528,0,0.45,19.16,0.35,8,69.57,0,92,22,92,5.0,22,2.4,18,18,90,28,58,11500,1.0,1.0,1.0,1.0,1.0,1.0
S16,18.0,200,3600,2340,3600,0,19.22,0.19,0.87,3,95.87,1,84,34,74,0.67,80,3.3,22,34,82,16,48,3100,2.0,2.0,1.0,2.0,3.0,1.0
S10,42.0,130,5460,3549,5460,0,0.78,18.56,0.85,2,96.8,-1,100,12,100,5.33,16,2.7,14,24,82,18,92,6800,3.0,3.0,1.0,2.0,3.0,1.0
S24,2.8,220,616,400,616,0,1.49,17.7,0.6,19,52.32,3,88,70,92,6.0,8,3.4,24,32,86,14,62,8900,4.0,5.0,1.0,4.0,7.0,1.0
S06,1.2,220,264,172,102,162,3.27,16.04,0.63,25,37.9,6,83,74,90,4.33,18,3.3,26,36,85,12,40,6100,5.0,6.0,1.0,4.0,9.0,0.995
S05,1.9,260,494,321,0,494,2.66,16.7,0.83,22,45.32,6,84,82,90,4.33,22,3.2,20,30,86,12,64,7400,6.0,9.0,1.0,5.0,10.0,0.962
S11,22.0,160,3520,2288,3520,0,7.56,12.36,1.23,5,72.57,-2,87,14,52,1.0,9,2.0,32,28,80,24,26,3900,6.0,10.0,0.986,5.0,11.0,0.942
S01,180.0,140,25200,16380,0,25200,9.34,9.83,1.23,1,100.0,-4,88,8,54,0.0,18,2.6,55,58,72,35,72,1450,4.0,11.0,0.842,5.0,11.0,0.888
S17,26.0,140,3640,2366,3510,130,14.95,4.18,0.13,6,72.13,6,66,36,65,0.67,39,3.0,36,40,78,18,50,2200,7.0,10.0,0.976,5.0,11.0,0.875
S04,5.6,200,1120,728,756,364,3.61,15.64,0.2,17,54.85,4,82,78,80,2.0,10,3.4,34,44,84,15,52,5200,8.0,10.0,0.969,5.0,12.0,0.815
S09,1.6,220,352,229,288,64,1.44,19.54,1.3,27,36.29,-5,93,26,76,5.0,25,2.5,28,26,87,34,80,13800,8.0,15.0,0.219,8.0,15.0,0.33
S02,95.0,140,13300,8645,0,13300,6.77,12.58,1.09,4,82.72,-3,86,10,56,2.67,19,2.1,48,52,74,30,74,2100,11.0,15.0,0.005,10.0,18.0,0.092
S14,28.0,150,4200,2730,0,4200,10.27,9.41,0.82,11,66.16,0,74,12,51,1.0,18,3.9,40,64,76,20,56,1900,12.0,16.0,0.0,11.0,19.0,0.049
S30,20.0,220,4400,2860,2200,2200,10.4,10.83,1.59,12,65.39,3,58,26,50,1.0,17,2.4,56,26,70,44,46,1600,13.0,17.0,0.0,11.0,20.0,0.02
S08,3.1,260,806,524,0,806,2.07,19.5,1.83,23,43.3,-7,95,20,64,3.67,7,2.2,30,22,88,20,86,14200,12.0,20.0,0.0,12.0,20.0,0.01
S13,34.0,150,5100,3315,0,5100,5.9,13.31,0.09,9,66.57,0,80,24,62,1.67,16,3.5,44,68,78,26,60,2600,14.0,19.0,0.0,12.0,20.0,0.01
S26,40.0,85,3400,2210,3400,0,22.2,15.63,0.95,14,60.96,4,26,18,87,2.67,29,2.7,64,18,62,36,42,880,12.0,19.0,0.0,12.0,21.0,0.006
S03,42.0,190,7980,5187,0,7980,1.62,17.73,1.13,7,70.45,-8,90,6,64,0.0,0,3.8,62,76,80,22,78,3600,15.0,21.0,0.0,13.0,21.0,0.003
S28,90.0,65,5850,3802,5400,450,40.15,39.16,4.6,10,66.16,5,10,12,66,0.67,176,1.6,42,30,64,54,34,380,12.0,21.0,0.004,13.0,21.049999999999955,0.002
S29,36.0,90,3240,2106,2160,1080,28.51,10.2,0.57,15,58.31,2,22,20,60,0.33,101,2.6,68,18,62,34,44,780,15.0,20.0,0.0,14.0,22.0,0.0
S21,30.0,110,3300,2145,1800,1500,25.69,15.39,1.04,16,55.49,2,24,30,96,1.67,23,3.0,74,22,60,28,58,650,19.0,22.0,0.0,17.0,23.0,0.0
S15,45.0,150,6750,4388,0,6750,9.42,12.28,1.44,13,62.54,-2,52,28,77,2.33,11,3.1,52,82,74,30,66,1300,20.0,23.0,0.0,19.0,24.0,0.0
S27,48.0,90,4320,2808,2880,1440,25.91,12.39,3.05,18,54.02,2,24,16,55,2.0,50,2.5,60,20,60,40,40,820,22.0,24.0,0.0,21.0,25.0,0.0
S18,58.0,65,3770,2450,3480,290,21.33,8.54,4.56,20,50.52,2,20,22,79,0.67,37,2.8,66,20,58,32,44,900,23.0,25.0,0.0,22.0,25.0,0.0
S12,60.0,70,4200,2730,0,4200,5.15,14.53,0.61,21,49.4,-7,85,30,80,2.67,8,0.9,84,30,72,88,88,2900,23.0,25.0,0.0,23.0,25.0,0.0
S20,66.0,65,4290,2788,2640,1650,33.47,21.12,3.55,24,42.11,1,18,16,28,1.33,12,1.8,58,34,56,62,54,700,26.0,27.0,0.0,26.0,28.0,0.0
S22,10.0,60,600,390,400,200,28.14,36.13,0.98,29,21.01,-8,78,10,17,23.0,33,0.4,18,16,62,72,70,2400,26.0,28.0,0.0,26.0,28.0,0.0
S19,52.0,70,3640,2366,0,3640,16.51,13.44,1.44,26,37.71,0,22,44,57,1.0,29,2.3,78,26,54,76,84,750,26.0,28.0,0.0,26.0,28.0,0.0
S25,24.0,65,1560,1014,960,600,46.42,31.25,4.19,28,22.75,1,16,14,0,0.67,87,1.4,70,14,50,58,52,620,29.0,29.0,0.0,29.0,29.0,0.0
S23,8.0,110,880,572,480,400,12.72,28.37,9.72,30,0.0,-1,70,34,58,10.0,64,0.6,30,18,52,68,82,3200,30.0,30.0,0.0,30.0,30.0,0.0
